id,pirkejas,adresas,telefonas
1,Jesus Wright,73818 Jennings Meadows,363-996-6343
2,April Parker,9812 Joseph Burgs,485-387-2850
3,Manuel Thomas,2835 Jones Passage,418-016-5886x40330
4,George Hernandez,30903 Jason Freeway,001-679-874-4288
5,Samuel Hunter,346 Debra Prairie,784.534.8787x27857
6,Mark Stout,0920 Eric Mall Apt. 169,(965)720-4758
7,Douglas Woodward,0642 Brandon Flat Apt. 380,0623099898
8,Jordan Rodriguez,802 Michele Rest Apt. 780,846-887-6249
9,Desiree Ward,3428 Kerry Dale Suite 551,+1-255-217-8680
10,Matthew Meyers,6293 Laura Lakes,001-162-361-2311
11,Robin Martin,26152 Sherri Gardens,(382)455-3650x610
12,David Hurst,09975 Evans Knoll,9111685027
13,Gerald Lewis,21454 Samuel Pass,(850)051-5959
14,Anita Cooper,9417 Lisa Vista Suite 300,0533512807
15,Mary Huff,765 Hamilton Alley Apt. 025,001-635-433-2921x85434
16,Adam Jones,1518 Victoria River Apt. 285,001-569-091-0342x527
17,James Rice,0054 Jones Rapids Apt. 693,254.746.6447x893
18,Adam Becker,362 Payne Trafficway,+1-011-384-4935x80983
19,Mrs. Alyssa White,472 Sandoval Glens Apt. 076,001-758-392-3397x70983
20,William Williams,1800 Robinson Parkways Suite 888,3712317145
21,Terry Davenport,932 Ramos Meadows Apt. 834,001-520-491-3606
22,Norman Bryant,2712 Chen Island,372.635.0799
23,Denise Owens,010 Mary Trail Apt. 123,870.813.7573
24,Johnny Moore,786 Foley Spring,+1-518-907-3804x70322
25,Jennifer Chan,4940 Jackson Lodge,(726)474-0163x5806
26,Erica Lam,87074 Jacqueline Spurs,127-898-4818x794
27,Cory Davis,2005 Nguyen Walk Apt. 525,+1-138-052-2376x728
28,Jacob Barton,88952 Stacey Turnpike,001-686-824-1595x77221
29,Thomas Clark,5448 Thomas Knoll Suite 770,452.588.2772x7263
30,Ronald Lynn,55583 Mark Court,(616)083-3136x34089
31,Jason Haley,206 Benjamin Rue,216-822-4942x626
32,Robert Cortez,00129 Kelsey Track Apt. 258,(722)797-3247x1557
33,Erik Fisher,23274 Davis Fall Apt. 565,125.511.0406x922
34,Desiree Hatfield,224 Webb Light,(241)233-9964
35,Theresa Alvarado,965 Michael Forks Suite 629,065.713.0868
36,Melanie Hendrix,879 Riley Meadows Apt. 299,001-686-863-2181x341
37,Dawn Oconnell,1146 Phillips Branch Suite 420,434.353.6517
38,Chad Lopez,10420 Jeffrey Crescent Suite 205,001-746-938-6711x6554
39,Ms. Rebekah Smith PhD,534 Tara Roads Apt. 624,993.628.2233x8026
40,Lee Benton,23367 Hernandez Knoll,5669836091
41,Keith Wang,542 Angela Gardens Apt. 151,001-619-090-9450x275
42,Sarah Ruiz,55757 Sabrina Field Suite 013,4761672838
43,Peter Johnson,167 Welch Points,126.405.4047
44,Sarah Jones MD,46348 Chavez Mountains,(069)327-9009
45,Colleen Cummings,76737 Nathan Circles,855.257.7889x94907
46,Edward Anderson,123 Thomas Forges Suite 336,001-291-044-0722x0835
47,Mitchell Williams,1705 Valerie Stream Suite 419,(802)060-2771x5402
48,Christopher Collins,484 Byrd Mission Apt. 994,4842501688
49,Spencer Brown,0359 Pittman Gateway Suite 810,809-676-4383
50,Larry Brown,996 Dunn Point Apt. 196,+1-137-985-5545
51,Jessica Thompson,670 Lin Valley Apt. 743,(755)996-0771
52,Jill Mayo,8483 James Passage,325.363.3269
53,Peter Wilson,04894 Jason Island Suite 155,+1-850-573-1152x53662
54,Patrick Shields,95428 Williams Wells,(447)547-4533x8781
55,Geoffrey Harmon,075 Laura Vista,(609)542-0448
56,Emily Blackburn,33929 Brown Flats Suite 238,+1-309-475-8651
57,Jon Griffin,352 Kevin Roads Suite 478,536-248-2149
58,Kelly Anderson,333 Williams Plains Apt. 062,001-874-876-6922x8393
59,Sonia Marshall,911 Michael Place,(453)734-7091x88329
60,Cheryl Zhang,39536 Jackson Camp,451.324.5003x08226
61,Thomas Heath,65247 Cooper Street Apt. 180,484-193-2857x332
62,Jessica Bradford,6063 Jose Mill Suite 134,+1-821-345-8252x1501
63,Robert Duarte,152 Morgan Park Apt. 579,301-372-5561x30706
64,Adam Stone,2730 Hutchinson Crest,(681)209-2008x5430
65,Sharon Butler,4029 James Throughway Apt. 301,(149)146-5348
66,Sharon Martinez,39422 Smith Ford,+1-317-698-0569x957
67,Lauren Barnett,04140 Diaz Springs Suite 888,+1-684-944-9859x8663
68,Natalie Sanders,407 Samuel Plains Suite 027,1082490075
69,Stephen Wu,49195 Hines Isle Suite 591,001-626-283-5628x9354
70,Mark Cantrell,523 Frost Light,598.563.6453x7475
71,Matthew Miles,182 Robert Divide,8181367726
72,Steven Watts,85106 Tina Locks Suite 291,(248)483-3920
73,Courtney Fletcher,8513 Devin Drive,+1-931-668-4890x9421
74,Scott Brooks,613 Kevin Route Apt. 333,(505)902-2418
75,Stephanie Sanchez,77072 Skinner Lakes,001-627-289-2379x1978
76,Christine Johnson,809 Thomas Causeway Apt. 804,1727389881
77,Rebecca Reed,51789 Lori Oval Apt. 285,+1-536-145-6726x52817
78,Rachael Ball,156 Perez Mills,878.523.7761x4693
79,Marvin Kennedy,508 Phillip Port,733-987-3089
80,Justin Dunn,23752 Thomas Terrace Apt. 600,+1-883-179-0362x107
81,Kara Carrillo,0449 Jasmine Islands Suite 928,658.271.3984x09393
82,Jacob Johnson,73265 Daniels Crossing,(506)549-0117x3747
83,Jeffrey Smith,263 Dustin Brooks Apt. 111,654-031-7388x2592
84,Sheila Brooks,10819 Michael Isle,478-791-4011
85,Gregory Obrien,897 Alex Vista,001-946-811-7149x866
86,Sherry Ross,42586 Douglas Shoal,757.510.6141x418
87,Richard Rice,7174 Timothy Shoal Suite 608,(642)357-1906
88,Kathleen Gaines,1421 Alec Crescent Suite 772,598-650-2445x1377
89,Trevor Turner,90612 Bennett Coves Suite 519,(910)866-4310x405
90,Ronald Rivera,31911 Bill Shore,001-938-467-4626
91,Carolyn Lee,96048 Bradley Corner,318-270-7224x506
92,Johnny Butler,963 Williamson Lake,+1-064-758-4377x2173
93,Cynthia Vega,3230 Sean Row Apt. 222,300-368-7641
94,Scott Jacobs,2005 Dana Parks Apt. 978,638.257.9216x977
95,Nathan Walker,23162 Larson Heights Apt. 149,(964)258-7434x8069
96,Shawn White,92653 Lynch Mills,757-319-6844x5207
97,Brooke Collins,89734 Garcia Meadows,+1-835-740-6174x877
98,Jessica Davis,14755 Brown Forest,834-451-0613x1526
99,Linda Anderson,5731 Richmond Fall Suite 288,+1-511-929-4661x95070
100,Ryan Stark,20028 Hall Park,742.772.5680x37777
